sales_agent,manager,regional_office
Anna Snelling,Dustin Brinkmann,Central
Boris Faz,Rocco Neubert,East
Carl Lin,Summer Sewald,West
Carol Thompson,Celia Rouche,West
Cassey Cress,Rocco Neubert,East
Cecily Lampkin,Dustin Brinkmann,Central
Corliss Cosme,Cara Losch,East
Daniell Hammack,Rocco Neubert,East
Darcel Schlecht,Melvin Marxen,Central
Donn Cantrell,Rocco Neubert,East
Elease Gluck,Celia Rouche,West
Elizabeth Anderson,Cara Losch,East
Garret Kinder,Cara Losch,East
Gladys Colclough,Melvin Marxen,Central
Hayden Neloms,Celia Rouche,West
James Ascencio,Summer Sewald,West
Jonathan Berthelot,Melvin Marxen,Central
Kami Bicknell,Summer Sewald,West
Kary Hendrixson,Summer Sewald,West
Lajuana Vencill,Dustin Brinkmann,Central
Markita Hansen,Celia Rouche,West
Marty Freudenburg,Melvin Marxen,Central
Maureen Marcano,Summer Sewald,West
Mei-Mei Johns,Melvin Marxen,Central
Moses Frase,Dustin Brinkmann,Central
Natalya Ivanova,Rocco Neubert,East
Niesha Huffines,Melvin Marxen,Central
Reed Clapper,Rocco Neubert,East
Rosalina Dieter,Celia Rouche,West
Rosie Papadopoulos,Cara Losch,East
Versie Hillebrand,Dustin Brinkmann,Central
Vicki Laflamme,Celia Rouche,West
Violet Mclelland,Cara Losch,East
Wilburn Farren,Cara Losch,East
Zane Levy,Summer Sewald,West
